meanfreq,sd,median,Q25,Q75,IQR,skew,kurt,sp.ent,sfm,mode,centroid,meanfun,minfun,maxfun,meandom,mindom,maxdom,dfrange,modindx,label
0.175277343,0.064627125,0.182918707,0.127704865,0.227345739,0.099640875,3.778130768,36.43063116,0.954197162,0.642937832,0.127613451,0.175277343,0.130301869,0.047384008,0.279069767,1.111260776,0,6.5390625,6.5390625,0.04379562,male
0.173750714,0.079002969,0.19769697,0.126707071,0.235313131,0.108606061,1.096415254,3.699402271,0.961774965,0.73121016,0.248323232,0.173750714,0.202953977,0.048533873,0.275862069,1.48953683,0,10.59375,10.59375,0.082292209,male
0.192546503,0.056902303,0.168717949,0.147731755,0.252662722,0.104930966,1.870783806,6.624828108,0.890828492,0.303245367,0.156568047,0.192546503,0.136858447,0.049844237,0.279069767,0.886645047,0,7.2890625,7.2890625,0.078089113,male
0.185250552,0.059280488,0.193649025,0.140167131,0.234094708,0.093927577,2.329833392,14.53844094,0.945143536,0.543240378,0.127688022,0.185250552,0.149076829,0.047384008,0.279069767,2.27138458,0,17.6015625,17.6015625,0.106365302,female
0.230470324,0.036968746,0.238762376,0.209075908,0.257475248,0.04839934,2.05587921,8.114738748,0.881278617,0.161308284,0.253085809,0.230470324,0.216206853,0.049079755,0.279069767,0.837942478,0,6.9609375,6.9609375,0.067088329,female
0.222255119,0.047440755,0.23231441,0.199606987,0.257991266,0.058384279,1.961449053,7.164679834,0.898333224,0.315594081,0.260895197,0.222255119,0.141435724,0.047058824,0.279069767,1.733301527,0,7.1015625,7.1015625,0.129603437,female
